{
  "type": "oauth2",
  "title": "zohobooks",
  "clientId": "1000.BNVY7UR06IHP89X5NGNFDUM2HHPODC",
  "clientSecret": "4a6ec6ee219052339bbc4cd5aed43cfa710f2c80cb",
  "authURL": "https://accounts.zoho.in/oauth/v2/auth",
  "tokenURL": "https://accounts.zoho.in/oauth/v2/token",
  "redirect_uri": "{redirectURL}",
  "refresh_token": "1000.f9f96a6e570c89f41c31455d259508ee.daf77467afdac0662e58166f952076d6",
  "preAuthProcessing": {
    
  },
  "authQueryParams": {
    "response_type": "code",
    "access_type": "online"
  },

  "preTokenProcessing": {
    
  },
  "tokenParams": {
    "method": "POST",
    "headers": {},
    "data": {
      "client_id": "{client_id}",
      "client_secret": "{client_secret}",
      "redirect_uri": "{redirect_uri}",
      "grant_type": "authorization_code",
      "scope": "ZohoBooks.invoices.CREATE,ZohoBooks.invoices.READ,ZohoBooks.invoices.UPDATE,ZohoBooks.invoices.DELETE",
      "code": "{code}"
    }
  },
  "preRefreshProcessing": {
    

  },
  "refreshParams": {
    "method": "POST",
    "headers": {},
    "data": {
      "client_id": "{client_id}",
      "client_secret": "{client_secret}",
      "redirect_uri": "{redirect_uri}",
      "grant_type": "refresh_token",
      "refresh_token": "{refresh_token}"
    }
  },
  "requiredParams": [
    
  ],
  "refreshURL": "https://accounts.zoho.com/oauth/v2/token", 
  "scope": {
    "ZohoBooks.invoices.CREATE,ZohoBooks.invoices.READ,ZohoBooks.invoices.UPDATE,ZohoBooks.invoices.DELETE": "SCOPE"
  },
  "validate": {
    "url": "https://books.zoho.com/api/v3/invoices",
    "headers": {
      
      "Authorization": "Zoho-oauthtoken {access_token}"
    },
    "query": { 
    }
  },
  "redirectURL": "https://auth-int.webmethods.io/auth/oauth/zohobooks_0a5b9c53df/fl09f3cc603b803384fffe47/return"
}